{
  "IcoMoonType": "selection",
  "icons": [
    {
      "icon": {
        "paths": [
          "M384 690l452-452 60 60-512 512-238-238 60-60z"
        ],
        "attrs": [],
        "isMulticolor": false,
        "isMulticolor2": false,
        "tags": [
          "check"
        ],
        "defaultCode": 58826,
        "grid": 24
      },
      "attrs": [],
      "properties": {
        "ligatures": "check",
        "id": 148,
        "order": 14,
        "prevSize": 24,
        "code": 58826,
        "name": "check"
      },
      "setIdx": 0,
      "setId": 4,
      "iconIdx": 148
    },
    {
      "icon": {
        "paths": [
          "M829.538 674.462l-25.846 25.846-191.692-164.308-84 72-84-72-191.692 164.308-25.846-25.846 189.538-162.462-189.538-162.462 25.846-25.846 275.692 236.308 275.692-236.308 25.846 25.846-189.538 162.462 189.538 162.462zM192.115 256c-35.41 0-64.115 28.624-64.115 63.81v384.38c0 35.241 28.472 63.81 64.115 63.81h671.77c35.41 0 64.115-28.624 64.115-63.81v-384.38c0-35.241-28.472-63.81-64.115-63.81h-671.77z"
        ],
        "attrs": [],
        "isMulticolor": false,
        "isMulticolor2": false,
        "tags": [
          "mail-envelope-closed"
        ],
        "grid": 32
      },
      "attrs": [],
      "properties": {
        "id": 12,
        "order": 12,
        "prevSize": 32,
        "code": 59656,
        "name": "mail-envelope-closed"
      },
      "setIdx": 3,
      "setId": 1,
      "iconIdx": 0
    },
    {
      "icon": {
        "paths": [
          "M658.744 749.256l-210.744-210.746v-282.51h128v229.49l173.256 173.254zM512 0c-282.77 0-512 229.23-512 512s229.23 512 512 512 512-229.23 512-512-229.23-512-512-512zM512 896c-212.078 0-384-171.922-384-384s171.922-384 384-384c212.078 0 384 171.922 384 384s-171.922 384-384 384z"
        ],
        "attrs": [],
        "isMulticolor": false,
        "isMulticolor2": false,
        "tags": [
          "clock",
          "time",
          "schedule"
        ],
        "defaultCode": 59726,
        "grid": 16
      },
      "attrs": [],
      "properties": {
        "ligatures": "clock, time2",
        "name": "clock",
        "id": 78,
        "order": 11,
        "prevSize": 32,
        "code": 59726
      },
      "setIdx": 3,
      "setId": 1,
      "iconIdx": 1
    },
    {
      "icon": {
        "paths": [
          "M562.769 562.769l-440.379 440.379c-28.104 28.104-73.434 28.104-101.539 0s-28.104-73.434 0-101.312l389.61-389.61-389.383-389.836c-28.104-27.878-28.104-73.434 0-101.312 27.878-28.104 73.434-28.104 101.312 0l440.379 440.379c14.052 14.052 21.078 32.411 21.078 50.769 0 18.132-7.026 36.49-21.078 50.543z"
        ],
        "attrs": [
          {}
        ],
        "width": 584,
        "isMulticolor": false,
        "isMulticolor2": false,
        "grid": 16,
        "tags": [
          "arrow-point-to-right"
        ]
      },
      "attrs": [
        {}
      ],
      "properties": {
        "order": 10,
        "id": 500,
        "name": "arrow",
        "prevSize": 32,
        "code": 59653
      },
      "setIdx": 3,
      "setId": 1,
      "iconIdx": 2
    },
    {
      "icon": {
        "paths": [
          "M512.010 25.055l158.199 320.581 353.791 51.421-256.005 249.522 60.432 352.365-316.418-166.355-316.437 166.355 60.432-352.365-256.005-249.522 353.791-51.421z"
        ],
        "attrs": [
          {
            "fill": "rgb(239, 206, 74)"
          }
        ],
        "isMulticolor": false,
        "isMulticolor2": false,
        "grid": 16,
        "tags": [
          "star"
        ]
      },
      "attrs": [
        {
          "fill": "rgb(239, 206, 74)"
        }
      ],
      "properties": {
        "order": 9,
        "id": 499,
        "name": "star",
        "prevSize": 32,
        "code": 59655
      },
      "setIdx": 3,
      "setId": 1,
      "iconIdx": 3
    },
    {
      "icon": {
        "paths": [
          "M767.965 0.213l-132.79-0.213c-149.185 0-245.595 98.913-245.595 252.008v116.192h-133.514c-11.537 0-20.88 9.353-20.88 20.891v168.35c0 11.537 9.353 20.88 20.88 20.88h133.514v424.8c0 11.537 9.343 20.88 20.88 20.88h174.198c11.537 0 20.88-9.353 20.88-20.88v-424.8h156.109c11.537 0 20.88-9.343 20.88-20.88l0.064-168.35c0-5.54-2.205-10.845-6.115-14.765s-9.236-6.125-14.776-6.125h-156.163v-98.498c0-47.342 11.282-71.375 72.952-71.375l89.453-0.032c11.527 0 20.869-9.353 20.869-20.88v-156.322c0-11.516-9.332-20.859-20.848-20.88z"
        ],
        "attrs": [
          {}
        ],
        "isMulticolor": false,
        "isMulticolor2": false,
        "grid": 16,
        "tags": [
          "facebook-logo"
        ]
      },
      "attrs": [
        {}
      ],
      "properties": {
        "order": 2,
        "id": 498,
        "name": "facebook",
        "prevSize": 32,
        "code": 59648
      },
      "setIdx": 3,
      "setId": 1,
      "iconIdx": 4
    },
    {
      "icon": {
        "paths": [
          "M1024 194.523c-37.689 16.7-78.129 28.026-120.618 33.083 43.384-25.98 76.594-67.187 92.334-116.139-40.696 24.059-85.616 41.529-133.48 50.999-38.328-40.888-92.846-66.356-153.316-66.356-116.010 0-210.072 94.062-210.072 210.009 0 16.444 1.856 32.505 5.44 47.864-174.559-8.768-329.345-92.399-432.941-219.481-18.109 30.971-28.411 67.059-28.411 105.581 0 72.883 37.113 137.191 93.423 174.815-34.426-1.151-66.804-10.621-95.15-26.363v2.624c0 101.741 72.435 186.652 168.48 205.978-17.597 4.735-36.153 7.359-55.35 7.359-13.565 0-26.683-1.344-39.544-3.904 26.746 83.505 104.301 144.228 196.188 145.893-71.859 56.31-162.466 89.776-260.879 89.776-16.956 0-33.658-1.024-50.102-2.88 92.975 59.702 203.354 94.511 321.988 94.511 386.423 0 597.648-320.069 597.648-597.648l-0.704-27.195c41.271-29.437 76.976-66.421 105.067-108.526z"
        ],
        "attrs": [
          {}
        ],
        "isMulticolor": false,
        "isMulticolor2": false,
        "grid": 16,
        "tags": [
          "twitter-logo-silhouette"
        ]
      },
      "attrs": [
        {}
      ],
      "properties": {
        "order": 3,
        "id": 497,
        "name": "twitter",
        "prevSize": 32,
        "code": 59649
      },
      "setIdx": 3,
      "setId": 1,
      "iconIdx": 5
    },
    {
      "icon": {
        "paths": [
          "M1024 622.668v378.579h-219.476v-353.224c0-88.733-31.745-149.29-111.188-149.29-60.645 0-96.735 40.811-112.612 80.288-5.79 14.113-7.28 33.757-7.28 53.512v368.714h-219.55c0 0 2.957-598.246 0-660.229h219.529v93.585c-0.445 0.7-1.024 1.455-1.443 2.133h1.443v-2.133c29.167-44.922 81.255-109.095 197.845-109.095 144.447-0.002 252.733 94.363 252.733 297.16zM124.235 22.755c-75.108 0-124.235 49.265-124.235 114.050 0 63.373 47.705 114.133 121.321 114.133h1.467c76.562 0 124.177-50.75 124.177-114.133-1.443-64.785-47.615-114.050-122.73-114.050zM13.039 1001.247h219.467v-660.229h-219.467v660.229z"
        ],
        "attrs": [
          {}
        ],
        "isMulticolor": false,
        "isMulticolor2": false,
        "grid": 16,
        "tags": [
          "linkedin-logo"
        ]
      },
      "attrs": [
        {}
      ],
      "properties": {
        "order": 4,
        "id": 496,
        "name": "link",
        "prevSize": 32,
        "code": 59650
      },
      "setIdx": 3,
      "setId": 1,
      "iconIdx": 6
    },
    {
      "icon": {
        "paths": [
          "M874.311 68.456c-142.356-4.645-238.691 75.21-289.134 239.655 25.979-10.699 51.224-16.099 75.846-16.099 51.91 0 74.886 29.133 68.753 87.554-3.043 35.378-25.976 86.854-68.753 154.41-42.946 67.668-75.024 101.443-96.334 101.443-27.667 0-52.85-52.276-75.843-156.7-7.711-30.754-21.5-109.067-41.244-235.134-18.51-116.766-67.423-171.323-146.956-163.655-33.645 3.093-84.045 33.904-151.31 92.216-49.074 44.577-98.796 89.166-149.334 133.71l48.151 62.166c45.955-32.288 72.839-48.355 80.305-48.355 35.24 0 68.149 55.278 98.772 165.821 27.45 101.524 55.133 202.911 82.717 304.287 41.082 110.624 91.728 165.957 151.301 165.957 96.356 0 214.333-90.623 353.466-271.935 134.6-173.578 204.089-310.334 208.777-410.299 6.178-133.595-43.544-202.008-149.177-205.041z"
        ],
        "attrs": [
          {}
        ],
        "isMulticolor": false,
        "isMulticolor2": false,
        "grid": 16,
        "tags": [
          "vimeo-logo"
        ]
      },
      "attrs": [
        {}
      ],
      "properties": {
        "order": 5,
        "id": 495,
        "name": "vimeo",
        "prevSize": 32,
        "code": 59651
      },
      "setIdx": 3,
      "setId": 1,
      "iconIdx": 7
    },
    {
      "icon": {
        "paths": [
          "M832.004 704.007h-64.003c-70.689 0-128.004-57.315-128.004-128.006v-41.12c28.318-33.657 48.628-73.468 61.253-115.535 1.311-7.091 8.136-10.594 12.688-15.469 24.504-24.5 29.322-65.845 10.943-95.284-2.503-4.468-7.011-8.343-6.755-13.878 0-37.532 0.188-75.123-0.049-112.625-1.005-45.279-13.946-92.38-45.691-125.908-25.629-27.089-60.82-43.219-97.126-50.123-45.879-8.752-93.876-8.309-139.316 3.25-39.378 9.938-76.374 33.001-99.249 67.188-20.256 29.721-29.13 65.809-30.629 101.376-0.561 38.186-0.129 76.467-0.245 114.746 0.872 7.663-5.629 12.848-8.564 19.192-17.312 31.405-9.691 74.192 18.126 97.033 7.057 4.871 8.378 13.749 10.934 21.404 12.131 37.813 32.252 72.782 57.689 103.253v42.5c0 70.691-57.313 128.006-127.999 128.006h-64.005c0 0-115.997 31.99-192.002 191.996v64.003c0 35.369 28.626 63.99 64.003 63.99h896.007c35.369 0 63.992-28.622 63.992-63.99v-64.003c-76.001-159.994-191.998-191.996-191.998-191.996z"
        ],
        "attrs": [
          {}
        ],
        "isMulticolor": false,
        "isMulticolor2": false,
        "grid": 16,
        "tags": [
          "user-male-black-shape"
        ]
      },
      "attrs": [
        {}
      ],
      "properties": {
        "order": 6,
        "id": 494,
        "name": "people",
        "prevSize": 32,
        "code": 59652
      },
      "setIdx": 3,
      "setId": 1,
      "iconIdx": 8
    },
    {
      "icon": {
        "paths": [
          "M1001.042 809.261l-158.141-158.158c-31.499-31.372-83.661-30.419-116.257 2.189l-79.672 79.654c-5.034-2.774-10.244-5.672-15.721-8.746-50.312-27.877-119.173-66.086-191.634-138.601-72.676-72.667-110.921-141.634-138.883-191.978-2.951-5.334-5.778-10.476-8.57-15.36l79.76-79.713c32.646-32.655 33.546-84.803 2.121-116.266l-158.141-158.176c-31.425-31.419-83.611-30.466-116.257 2.189l-44.569 44.825 1.218 1.209c-14.945 19.069-27.433 41.063-36.726 64.78-8.567 22.576-13.9 44.119-16.339 65.707-20.881 173.112 58.226 331.323 272.912 546.013 296.762 296.741 535.913 274.324 546.23 273.23 22.47-2.686 44.005-8.055 65.889-16.554 23.511-9.185 45.49-21.655 64.548-36.568l0.974 0.865 45.152-44.213c32.578-32.649 33.517-84.814 2.106-116.328z"
        ],
        "attrs": [
          {}
        ],
        "isMulticolor": false,
        "isMulticolor2": false,
        "grid": 16,
        "tags": [
          "call-answer"
        ]
      },
      "attrs": [
        {}
      ],
      "properties": {
        "order": 8,
        "id": 492,
        "name": "phone",
        "prevSize": 32,
        "code": 59654
      },
      "setIdx": 3,
      "setId": 1,
      "iconIdx": 9
    }
  ],
  "height": 1024,
  "metadata": {
    "name": "icomoon"
  },
  "preferences": {
    "showGlyphs": true,
    "showQuickUse": true,
    "showQuickUse2": true,
    "showSVGs": true,
    "fontPref": {
      "prefix": "icon-",
      "metadata": {
        "fontFamily": "icomoon"
      },
      "metrics": {
        "emSize": 1024,
        "baseline": 6.25,
        "whitespace": 50
      },
      "embed": false
    },
    "imagePref": {
      "prefix": "icon-",
      "png": true,
      "useClassSelector": true,
      "color": 0,
      "bgColor": 16777215,
      "classSelector": ".icon"
    },
    "historySize": 50,
    "showCodes": true,
    "gridSize": 16
  }
}